,vol,Date_utc
7701,,2018-12-10 21:00:00+00:00
7702,,2018-12-11 21:00:00+00:00
7703,,2018-12-12 21:00:00+00:00
7704,,2018-12-13 21:00:00+00:00
7705,,2018-12-14 21:00:00+00:00
7706,,2018-12-17 21:00:00+00:00
7707,,2018-12-18 21:00:00+00:00
7708,,2018-12-19 21:00:00+00:00
7709,,2018-12-20 21:00:00+00:00
7710,,2018-12-21 21:00:00+00:00
7711,,2018-12-24 21:00:00+00:00
7712,,2018-12-26 21:00:00+00:00
7713,,2018-12-27 21:00:00+00:00
7714,,2018-12-28 21:00:00+00:00
7715,,2018-12-31 21:00:00+00:00
7716,,2019-01-02 21:00:00+00:00
7717,,2019-01-03 21:00:00+00:00
7718,,2019-01-04 21:00:00+00:00
7719,,2019-01-07 21:00:00+00:00
7720,,2019-01-08 21:00:00+00:00
7721,,2019-01-09 21:00:00+00:00
7722,,2019-01-10 21:00:00+00:00
7723,,2019-01-11 21:00:00+00:00
7724,,2019-01-14 21:00:00+00:00
7725,,2019-01-15 21:00:00+00:00
7726,,2019-01-16 21:00:00+00:00
7727,,2019-01-17 21:00:00+00:00
7728,,2019-01-18 21:00:00+00:00
7729,,2019-01-22 21:00:00+00:00
7730,,2019-01-23 21:00:00+00:00
7731,,2019-01-24 21:00:00+00:00
7732,,2019-01-25 21:00:00+00:00
7733,,2019-01-28 21:00:00+00:00
7734,,2019-01-29 21:00:00+00:00
7735,,2019-01-30 21:00:00+00:00
7736,,2019-01-31 21:00:00+00:00
7737,,2019-02-01 21:00:00+00:00
7738,,2019-02-04 21:00:00+00:00
7739,,2019-02-05 21:00:00+00:00
7740,,2019-02-06 21:00:00+00:00
7741,,2019-02-07 21:00:00+00:00
7742,,2019-02-08 21:00:00+00:00
7743,,2019-02-11 21:00:00+00:00
7744,,2019-02-12 21:00:00+00:00
7745,,2019-02-13 21:00:00+00:00
7746,,2019-02-14 21:00:00+00:00
7747,,2019-02-15 21:00:00+00:00
7748,,2019-02-19 21:00:00+00:00
7749,,2019-02-20 21:00:00+00:00
7750,,2019-02-21 21:00:00+00:00
7751,,2019-02-22 21:00:00+00:00
7752,,2019-02-25 21:00:00+00:00
7753,,2019-02-26 21:00:00+00:00
7754,,2019-02-27 21:00:00+00:00
7755,,2019-02-28 21:00:00+00:00
7756,,2019-03-01 21:00:00+00:00
7757,,2019-03-04 21:00:00+00:00
7758,,2019-03-05 21:00:00+00:00
7759,,2019-03-06 21:00:00+00:00
7760,,2019-03-07 21:00:00+00:00
7761,,2019-03-08 21:00:00+00:00
7762,,2019-03-11 20:00:00+00:00
7763,,2019-03-12 20:00:00+00:00
7764,,2019-03-13 20:00:00+00:00
7765,,2019-03-14 20:00:00+00:00
7766,,2019-03-15 20:00:00+00:00
7767,,2019-03-18 20:00:00+00:00
7768,,2019-03-19 20:00:00+00:00
7769,,2019-03-20 20:00:00+00:00
7770,,2019-03-21 20:00:00+00:00
7771,,2019-03-22 20:00:00+00:00
7772,,2019-03-25 20:00:00+00:00
7773,,2019-03-26 20:00:00+00:00
7774,,2019-03-27 20:00:00+00:00
7775,,2019-03-28 20:00:00+00:00
7776,,2019-03-29 20:00:00+00:00
7777,,2019-04-01 20:00:00+00:00
7778,,2019-04-02 20:00:00+00:00
7779,,2019-04-03 20:00:00+00:00
7780,,2019-04-04 20:00:00+00:00
7781,,2019-04-05 20:00:00+00:00
7782,,2019-04-08 20:00:00+00:00
7783,,2019-04-09 20:00:00+00:00
7784,,2019-04-10 20:00:00+00:00
7785,,2019-04-11 20:00:00+00:00
7786,,2019-04-12 20:00:00+00:00
7787,,2019-04-15 20:00:00+00:00
7788,,2019-04-16 20:00:00+00:00
7789,,2019-04-17 20:00:00+00:00
7790,,2019-04-18 20:00:00+00:00
7791,,2019-04-22 20:00:00+00:00
7792,,2019-04-23 20:00:00+00:00
7793,,2019-04-24 20:00:00+00:00
7794,,2019-04-25 20:00:00+00:00
7795,,2019-04-26 20:00:00+00:00
7796,,2019-04-29 20:00:00+00:00
7797,,2019-04-30 20:00:00+00:00
7798,,2019-05-01 20:00:00+00:00
7799,,2019-05-02 20:00:00+00:00
7800,,2019-05-03 20:00:00+00:00
7801,,2019-05-06 20:00:00+00:00
7802,,2019-05-07 20:00:00+00:00
7803,,2019-05-08 20:00:00+00:00
7804,,2019-05-09 20:00:00+00:00
7805,,2019-05-10 20:00:00+00:00
7806,,2019-05-13 20:00:00+00:00
7807,,2019-05-14 20:00:00+00:00
7808,,2019-05-15 20:00:00+00:00
7809,,2019-05-16 20:00:00+00:00
7810,,2019-05-17 20:00:00+00:00
7811,,2019-05-20 20:00:00+00:00
7812,,2019-05-21 20:00:00+00:00
7813,,2019-05-22 20:00:00+00:00
7814,,2019-05-23 20:00:00+00:00
7815,,2019-05-24 20:00:00+00:00
7816,,2019-05-28 20:00:00+00:00
7817,,2019-05-29 20:00:00+00:00
7818,,2019-05-30 20:00:00+00:00
7819,,2019-05-31 20:00:00+00:00
7820,,2019-06-03 20:00:00+00:00
7821,,2019-06-04 20:00:00+00:00
7822,,2019-06-05 20:00:00+00:00
7823,,2019-06-06 20:00:00+00:00
7824,,2019-06-07 20:00:00+00:00
7825,,2019-06-10 20:00:00+00:00
7826,,2019-06-11 20:00:00+00:00
7827,,2019-06-12 20:00:00+00:00
7828,,2019-06-13 20:00:00+00:00
7829,,2019-06-14 20:00:00+00:00
7830,,2019-06-17 20:00:00+00:00
7831,,2019-06-18 20:00:00+00:00
7832,,2019-06-19 20:00:00+00:00
7833,,2019-06-20 20:00:00+00:00
7834,,2019-06-21 20:00:00+00:00
7835,,2019-06-24 20:00:00+00:00
7836,,2019-06-25 20:00:00+00:00
7837,,2019-06-26 20:00:00+00:00
7838,,2019-06-27 20:00:00+00:00
7839,,2019-06-28 20:00:00+00:00
7840,,2019-07-01 20:00:00+00:00
7841,,2019-07-02 20:00:00+00:00
7842,,2019-07-03 20:00:00+00:00
7843,,2019-07-05 20:00:00+00:00
7844,,2019-07-08 20:00:00+00:00
7845,,2019-07-09 20:00:00+00:00
7846,,2019-07-10 20:00:00+00:00
7847,,2019-07-11 20:00:00+00:00
7848,,2019-07-12 20:00:00+00:00
7849,,2019-07-15 20:00:00+00:00
7850,,2019-07-16 20:00:00+00:00
7851,,2019-07-17 20:00:00+00:00
7852,,2019-07-18 20:00:00+00:00
7853,,2019-07-19 20:00:00+00:00
7854,,2019-07-22 20:00:00+00:00
7855,,2019-07-23 20:00:00+00:00
7856,,2019-07-24 20:00:00+00:00
7857,,2019-07-25 20:00:00+00:00
7858,,2019-07-26 20:00:00+00:00
7859,,2019-07-29 20:00:00+00:00
7860,,2019-07-30 20:00:00+00:00
7861,,2019-07-31 20:00:00+00:00
7862,,2019-08-01 20:00:00+00:00
7863,,2019-08-02 20:00:00+00:00
7864,,2019-08-05 20:00:00+00:00
7865,,2019-08-06 20:00:00+00:00
7866,,2019-08-07 20:00:00+00:00
7867,,2019-08-08 20:00:00+00:00
7868,,2019-08-09 20:00:00+00:00
7869,,2019-08-12 20:00:00+00:00
7870,,2019-08-13 20:00:00+00:00
7871,,2019-08-14 20:00:00+00:00
7872,,2019-08-15 20:00:00+00:00
7873,,2019-08-16 20:00:00+00:00
7874,,2019-08-19 20:00:00+00:00
7875,,2019-08-20 20:00:00+00:00
7876,,2019-08-21 20:00:00+00:00
7877,,2019-08-22 20:00:00+00:00
7878,,2019-08-23 20:00:00+00:00
7879,,2019-08-26 20:00:00+00:00
7880,,2019-08-27 20:00:00+00:00
7881,,2019-08-28 20:00:00+00:00
7882,,2019-08-29 20:00:00+00:00
7883,,2019-08-30 20:00:00+00:00
7884,,2019-09-03 20:00:00+00:00
7885,,2019-09-04 20:00:00+00:00
7886,,2019-09-05 20:00:00+00:00
7887,,2019-09-06 20:00:00+00:00
7888,,2019-09-09 20:00:00+00:00
7889,,2019-09-10 20:00:00+00:00
7890,,2019-09-11 20:00:00+00:00
7891,,2019-09-12 20:00:00+00:00
7892,,2019-09-13 20:00:00+00:00
7893,,2019-09-16 20:00:00+00:00
7894,,2019-09-17 20:00:00+00:00
7895,,2019-09-18 20:00:00+00:00
7896,,2019-09-19 20:00:00+00:00
7897,,2019-09-20 20:00:00+00:00
7898,,2019-09-23 20:00:00+00:00
7899,,2019-09-24 20:00:00+00:00
7900,,2019-09-25 20:00:00+00:00
7901,,2019-09-26 20:00:00+00:00
7902,,2019-09-27 20:00:00+00:00
7903,,2019-09-30 20:00:00+00:00
7904,,2019-10-01 20:00:00+00:00
7905,,2019-10-02 20:00:00+00:00
7906,,2019-10-03 20:00:00+00:00
7907,,2019-10-04 20:00:00+00:00
7908,,2019-10-07 20:00:00+00:00
7909,,2019-10-08 20:00:00+00:00
7910,,2019-10-09 20:00:00+00:00
7911,,2019-10-10 20:00:00+00:00
7912,,2019-10-11 20:00:00+00:00
7913,,2019-10-14 20:00:00+00:00
7914,,2019-10-15 20:00:00+00:00
7915,,2019-10-16 20:00:00+00:00
7916,,2019-10-17 20:00:00+00:00
7917,,2019-10-18 20:00:00+00:00
7918,,2019-10-21 20:00:00+00:00
7919,,2019-10-22 20:00:00+00:00
7920,,2019-10-23 20:00:00+00:00
7921,,2019-10-24 20:00:00+00:00
7922,,2019-10-25 20:00:00+00:00
7923,,2019-10-28 20:00:00+00:00
7924,,2019-10-29 20:00:00+00:00
7925,,2019-10-30 20:00:00+00:00
7926,,2019-10-31 20:00:00+00:00
7927,,2019-11-01 20:00:00+00:00
7928,,2019-11-04 21:00:00+00:00
7929,,2019-11-05 21:00:00+00:00
7930,,2019-11-06 21:00:00+00:00
7931,,2019-11-07 21:00:00+00:00
7932,,2019-11-08 21:00:00+00:00
7933,,2019-11-11 21:00:00+00:00
7934,,2019-11-12 21:00:00+00:00
7935,,2019-11-13 21:00:00+00:00
7936,,2019-11-14 21:00:00+00:00
7937,,2019-11-15 21:00:00+00:00
7938,,2019-11-18 21:00:00+00:00
7939,,2019-11-19 21:00:00+00:00
7940,,2019-11-20 21:00:00+00:00
7941,,2019-11-21 21:00:00+00:00
7942,0.03990532422211387,2019-11-22 21:00:00+00:00
7943,0.039962314006906245,2019-11-25 21:00:00+00:00
7944,0.039877589707978105,2019-11-26 21:00:00+00:00
7945,0.03981018964534623,2019-11-27 21:00:00+00:00
7946,0.039809810211123356,2019-11-29 21:00:00+00:00
7947,0.03982709416555789,2019-12-02 21:00:00+00:00
7948,0.03984306240803461,2019-12-03 21:00:00+00:00
7949,0.039843157750458325,2019-12-04 21:00:00+00:00
7950,0.03976421619347842,2019-12-05 21:00:00+00:00
7951,0.040032284060462726,2019-12-06 21:00:00+00:00
7952,0.0397959588156677,2019-12-09 21:00:00+00:00
7953,0.039741814017111146,2019-12-10 21:00:00+00:00
7954,0.03967456502971958,2019-12-11 21:00:00+00:00
7955,0.03933269577012758,2019-12-12 21:00:00+00:00
7956,0.03926740409393137,2019-12-13 21:00:00+00:00
7957,0.03895205049582059,2019-12-16 21:00:00+00:00
7958,0.038953568821699765,2019-12-17 21:00:00+00:00
7959,0.03895332369637668,2019-12-18 21:00:00+00:00
7960,0.038577764081848785,2019-12-19 21:00:00+00:00
7961,0.038504308538060854,2019-12-20 21:00:00+00:00
7962,0.03841998563860038,2019-12-23 21:00:00+00:00
7963,0.03834194274565395,2019-12-24 21:00:00+00:00
7964,0.03833964585895787,2019-12-26 21:00:00+00:00
7965,0.038308992226061184,2019-12-27 21:00:00+00:00
7966,0.03832893541716187,2019-12-30 21:00:00+00:00
7967,0.03835820153467071,2019-12-31 21:00:00+00:00
7968,0.03835173240707522,2020-01-02 21:00:00+00:00
7969,0.03837122671865455,2020-01-03 21:00:00+00:00
7970,0.038437627044230455,2020-01-06 21:00:00+00:00
7971,0.03820346693114102,2020-01-07 21:00:00+00:00
7972,0.03806787125117,2020-01-08 21:00:00+00:00
7973,0.03808617421534967,2020-01-09 21:00:00+00:00
7974,0.038151642306944566,2020-01-10 21:00:00+00:00
7975,0.03826706594815566,2020-01-13 21:00:00+00:00
7976,0.03827326184838305,2020-01-14 21:00:00+00:00
7977,0.03822246301451962,2020-01-15 21:00:00+00:00
7978,0.03779787049536959,2020-01-16 21:00:00+00:00
7979,0.03778721452152627,2020-01-17 21:00:00+00:00
7980,0.03779755618023991,2020-01-21 21:00:00+00:00
7981,0.03775991739029112,2020-01-22 21:00:00+00:00
7982,0.03763009087859285,2020-01-23 21:00:00+00:00
7983,0.03743799164432381,2020-01-24 21:00:00+00:00
7984,0.0375913988521581,2020-01-27 21:00:00+00:00
7985,0.037606043786933344,2020-01-28 21:00:00+00:00
7986,0.037937018754122837,2020-01-29 21:00:00+00:00
7987,0.037954247289511474,2020-01-30 21:00:00+00:00
7988,0.03778888295121201,2020-01-31 21:00:00+00:00
7989,0.03734571287784377,2020-02-03 21:00:00+00:00
7990,0.037329399962782735,2020-02-04 21:00:00+00:00
7991,0.03730877401644199,2020-02-05 21:00:00+00:00
7992,0.037263853854761476,2020-02-06 21:00:00+00:00
7993,0.03876347947837701,2020-02-07 21:00:00+00:00
7994,0.038363272616043775,2020-02-10 21:00:00+00:00
7995,0.038404296381508406,2020-02-11 21:00:00+00:00
7996,0.03880589124382067,2020-02-12 21:00:00+00:00
7997,0.03877887944273856,2020-02-13 21:00:00+00:00
7998,0.038767685264750024,2020-02-14 21:00:00+00:00
7999,0.03862498210475819,2020-02-18 21:00:00+00:00
8000,0.038617786246836774,2020-02-19 21:00:00+00:00
8001,0.03857806502664999,2020-02-20 21:00:00+00:00
8002,0.03859303664639809,2020-02-21 21:00:00+00:00
8003,0.03859925741858105,2020-02-24 21:00:00+00:00
8004,0.04250026406319903,2020-02-25 21:00:00+00:00
8005,0.04474446813478521,2020-02-26 21:00:00+00:00
8006,0.04520080161732545,2020-02-27 21:00:00+00:00
8007,0.045130518797212665,2020-02-28 21:00:00+00:00
8008,0.04606150837392813,2020-03-02 21:00:00+00:00
8009,0.04626052596985483,2020-03-03 21:00:00+00:00
8010,0.04595156835399948,2020-03-04 21:00:00+00:00
8011,0.04594677880962605,2020-03-05 21:00:00+00:00
8012,0.046023816029137875,2020-03-06 21:00:00+00:00
8013,0.04747774376835725,2020-03-09 20:00:00+00:00
8014,0.04775597173265923,2020-03-10 20:00:00+00:00
8015,0.047862670181261,2020-03-11 20:00:00+00:00
8016,0.04795622667117353,2020-03-12 20:00:00+00:00
8017,0.048034341680907755,2020-03-13 20:00:00+00:00
8018,0.05045087341113419,2020-03-16 20:00:00+00:00
8019,0.05060197071176642,2020-03-17 20:00:00+00:00
8020,0.05108148071032066,2020-03-18 20:00:00+00:00
8021,0.05129203878739426,2020-03-19 20:00:00+00:00
8022,0.0510347631851371,2020-03-20 20:00:00+00:00
8023,0.05056060780280069,2020-03-23 20:00:00+00:00
8024,0.05050242230730967,2020-03-24 20:00:00+00:00
8025,0.05059261940984942,2020-03-25 20:00:00+00:00
8026,0.05062578167728302,2020-03-26 20:00:00+00:00
8027,0.050778429119157725,2020-03-27 20:00:00+00:00
8028,0.05069987640357833,2020-03-30 20:00:00+00:00
8029,0.05062087485018121,2020-03-31 20:00:00+00:00
8030,0.050351816631813824,2020-04-01 20:00:00+00:00
8031,0.050900502944908846,2020-04-02 20:00:00+00:00
8032,0.05090629114901006,2020-04-03 20:00:00+00:00
8033,0.05081993685699595,2020-04-06 20:00:00+00:00
8034,0.05099483505057248,2020-04-07 20:00:00+00:00
8035,0.05093180263178461,2020-04-08 20:00:00+00:00
8036,0.05094683187558443,2020-04-09 20:00:00+00:00
8037,0.050971418764074974,2020-04-13 20:00:00+00:00
8038,0.05099526190467121,2020-04-14 20:00:00+00:00
8039,0.051162679748512074,2020-04-15 20:00:00+00:00
8040,0.05146380637777975,2020-04-16 20:00:00+00:00
8041,0.0521756712060412,2020-04-17 20:00:00+00:00
8042,0.05249275794914571,2020-04-20 20:00:00+00:00
8043,0.05259278607643033,2020-04-21 20:00:00+00:00
8044,0.052260766952403635,2020-04-22 20:00:00+00:00
8045,0.05241841321211447,2020-04-23 20:00:00+00:00
8046,0.0525508799874142,2020-04-24 20:00:00+00:00
8047,0.0524832122047167,2020-04-27 20:00:00+00:00
8048,0.05246323377742338,2020-04-28 20:00:00+00:00
8049,0.052454887296356695,2020-04-29 20:00:00+00:00
8050,0.05243800224125379,2020-04-30 20:00:00+00:00
8051,0.05249065014727793,2020-05-01 20:00:00+00:00
8052,0.0525694695883265,2020-05-04 20:00:00+00:00
8053,0.05257400494134474,2020-05-05 20:00:00+00:00
8054,0.052580104377887814,2020-05-06 20:00:00+00:00
8055,0.052794200582543076,2020-05-07 20:00:00+00:00
8056,0.05321242875715424,2020-05-08 20:00:00+00:00
8057,0.053793079052736094,2020-05-11 20:00:00+00:00
8058,0.0539892626597524,2020-05-12 20:00:00+00:00
8059,0.05404913672162834,2020-05-13 20:00:00+00:00
8060,0.05404893940690186,2020-05-14 20:00:00+00:00
8061,0.054017940479954535,2020-05-15 20:00:00+00:00
8062,0.05532862029660113,2020-05-18 20:00:00+00:00
8063,0.05576470917777831,2020-05-19 20:00:00+00:00
8064,0.05541811474036321,2020-05-20 20:00:00+00:00
8065,0.05575018086768428,2020-05-21 20:00:00+00:00
8066,0.05573368930831447,2020-05-22 20:00:00+00:00
8067,0.056342350218370196,2020-05-26 20:00:00+00:00
8068,0.0567203961510056,2020-05-27 20:00:00+00:00
8069,0.056837257532113515,2020-05-28 20:00:00+00:00
8070,0.05719564830021051,2020-05-29 20:00:00+00:00
8071,0.057089290200799885,2020-06-01 20:00:00+00:00
8072,0.05715055125117754,2020-06-02 20:00:00+00:00
8073,0.05714927085672168,2020-06-03 20:00:00+00:00
8074,0.05713178182726435,2020-06-04 20:00:00+00:00
8075,0.05718314436617604,2020-06-05 20:00:00+00:00
8076,0.05713090195138828,2020-06-08 20:00:00+00:00
8077,0.05704929831134117,2020-06-09 20:00:00+00:00
8078,0.05704419765813159,2020-06-10 20:00:00+00:00
8079,0.05703937710244829,2020-06-11 20:00:00+00:00
8080,0.05700188037059809,2020-06-12 20:00:00+00:00
8081,0.05715376080056588,2020-06-15 20:00:00+00:00
8082,0.0572154413576434,2020-06-16 20:00:00+00:00
8083,0.05720296388082063,2020-06-17 20:00:00+00:00
8084,0.05710301901008299,2020-06-18 20:00:00+00:00
8085,0.05707622313703129,2020-06-19 20:00:00+00:00
8086,0.057012721006036146,2020-06-22 20:00:00+00:00
8087,0.05702282914386661,2020-06-23 20:00:00+00:00
8088,0.057002675351159396,2020-06-24 20:00:00+00:00
8089,0.05709511957798555,2020-06-25 20:00:00+00:00
8090,0.05708721007110875,2020-06-26 20:00:00+00:00
8091,0.057088253233102126,2020-06-29 20:00:00+00:00
8092,0.05709891191479513,2020-06-30 20:00:00+00:00
8093,0.057175805033945794,2020-07-01 20:00:00+00:00
8094,0.05728911552609058,2020-07-02 20:00:00+00:00
8095,0.057277603347319836,2020-07-06 20:00:00+00:00
8096,0.05729552956268683,2020-07-07 20:00:00+00:00
8097,0.057238200455318355,2020-07-08 20:00:00+00:00
8098,0.05720420673600633,2020-07-09 20:00:00+00:00
8099,0.05707468921342291,2020-07-10 20:00:00+00:00
8100,0.05771683803526131,2020-07-13 20:00:00+00:00
8101,0.057711296653899354,2020-07-14 20:00:00+00:00
8102,0.057809042836120476,2020-07-15 20:00:00+00:00
8103,0.05777753217390033,2020-07-16 20:00:00+00:00
8104,0.058568745095037185,2020-07-17 20:00:00+00:00
8105,0.05920518832270892,2020-07-20 20:00:00+00:00
8106,0.0591644839737621,2020-07-21 20:00:00+00:00
8107,0.05917629305186692,2020-07-22 20:00:00+00:00
8108,0.05950992779137459,2020-07-23 20:00:00+00:00
8109,0.059547106176895855,2020-07-24 20:00:00+00:00
8110,0.05978389123812839,2020-07-27 20:00:00+00:00
8111,0.05975109526776083,2020-07-28 20:00:00+00:00
8112,0.05978488817587497,2020-07-29 20:00:00+00:00
8113,0.059730987713822445,2020-07-30 20:00:00+00:00
8114,0.05982703763632082,2020-07-31 20:00:00+00:00
8115,0.059861623042670224,2020-08-03 20:00:00+00:00
8116,0.05985901265445268,2020-08-04 20:00:00+00:00
8117,0.05984552217874289,2020-08-05 20:00:00+00:00
8118,0.059889187150066386,2020-08-06 20:00:00+00:00
8119,0.05987892703445463,2020-08-07 20:00:00+00:00
8120,0.0598979466681849,2020-08-10 20:00:00+00:00
8121,0.05981546648530964,2020-08-11 20:00:00+00:00
8122,0.059763062164658834,2020-08-12 20:00:00+00:00
8123,0.059793471284802564,2020-08-13 20:00:00+00:00
8124,0.05978882407150142,2020-08-14 20:00:00+00:00
8125,0.059761085228255253,2020-08-17 20:00:00+00:00
8126,0.05970465759259329,2020-08-18 20:00:00+00:00
8127,0.05967815628851094,2020-08-19 20:00:00+00:00
8128,0.05968207192139692,2020-08-20 20:00:00+00:00
8129,0.059701297883245755,2020-08-21 20:00:00+00:00
8130,0.05973500491926251,2020-08-24 20:00:00+00:00
8131,0.05962170246875422,2020-08-25 20:00:00+00:00
8132,0.05953162789954275,2020-08-26 20:00:00+00:00
8133,0.059577858426792626,2020-08-27 20:00:00+00:00
8134,0.05958171686527773,2020-08-28 20:00:00+00:00
8135,0.05964915482903212,2020-08-31 20:00:00+00:00
8136,0.059654714363060427,2020-09-01 20:00:00+00:00
8137,0.05966261893858603,2020-09-02 20:00:00+00:00
8138,0.05966355566519212,2020-09-03 20:00:00+00:00
8139,0.059723184543049354,2020-09-04 20:00:00+00:00
8140,0.06037288117950239,2020-09-08 20:00:00+00:00
8141,0.0604279191953677,2020-09-09 20:00:00+00:00
8142,0.060366473942787956,2020-09-10 20:00:00+00:00
8143,0.06027910059349718,2020-09-11 20:00:00+00:00
8144,0.0603871063257245,2020-09-14 20:00:00+00:00
8145,0.060448648604301075,2020-09-15 20:00:00+00:00
8146,0.060257173062592394,2020-09-16 20:00:00+00:00
8147,0.06027289649487765,2020-09-17 20:00:00+00:00
8148,0.060286937994911326,2020-09-18 20:00:00+00:00
8149,0.06028119069736319,2020-09-21 20:00:00+00:00
8150,0.060285906405247405,2020-09-22 20:00:00+00:00
8151,0.0603066811107705,2020-09-23 20:00:00+00:00
8152,0.060132290953619404,2020-09-24 20:00:00+00:00
8153,0.06024319223970955,2020-09-25 20:00:00+00:00
8154,0.06023635316765583,2020-09-28 20:00:00+00:00
8155,0.060228702734431615,2020-09-29 20:00:00+00:00
8156,0.06021542883695165,2020-09-30 20:00:00+00:00
8157,0.060212185242606485,2020-10-01 20:00:00+00:00
8158,0.06022214577223163,2020-10-02 20:00:00+00:00
8159,0.060266610667482866,2020-10-05 20:00:00+00:00
8160,0.06023074585629848,2020-10-06 20:00:00+00:00
8161,0.06022216661912415,2020-10-07 20:00:00+00:00
8162,0.06012294215690426,2020-10-08 20:00:00+00:00
8163,0.06010091366650885,2020-10-09 20:00:00+00:00
8164,0.060109905959788906,2020-10-12 20:00:00+00:00
8165,0.06014272575837352,2020-10-13 20:00:00+00:00
8166,0.060170306928000586,2020-10-14 20:00:00+00:00
8167,0.06018510880051064,2020-10-15 20:00:00+00:00
8168,0.06018291794953611,2020-10-16 20:00:00+00:00
8169,0.060079263074205094,2020-10-19 20:00:00+00:00
8170,0.05993377085472018,2020-10-20 20:00:00+00:00
8171,0.060016151913121915,2020-10-21 20:00:00+00:00
8172,0.05994807391613104,2020-10-22 20:00:00+00:00
8173,0.05974620548331379,2020-10-23 20:00:00+00:00
8174,0.05974862206396021,2020-10-26 20:00:00+00:00
8175,0.05974313244577719,2020-10-27 20:00:00+00:00
8176,0.059924579506249735,2020-10-28 20:00:00+00:00
8177,0.0601278619957793,2020-10-29 20:00:00+00:00
8178,0.06025474338834526,2020-10-30 20:00:00+00:00
8179,0.06017679282065314,2020-11-02 21:00:00+00:00
8180,0.060193834357278715,2020-11-03 21:00:00+00:00
8181,0.06018958512424189,2020-11-04 21:00:00+00:00
8182,0.06015638550070007,2020-11-05 21:00:00+00:00
8183,0.06015662205212174,2020-11-06 21:00:00+00:00
8184,0.06029603881300893,2020-11-09 21:00:00+00:00
8185,0.06026822456531477,2020-11-10 21:00:00+00:00
8186,0.06046705041778139,2020-11-11 21:00:00+00:00
8187,0.06057904697567579,2020-11-12 21:00:00+00:00
8188,0.06058017322477426,2020-11-13 21:00:00+00:00
8189,0.060794118070411636,2020-11-16 21:00:00+00:00
8190,0.060744228930970846,2020-11-17 21:00:00+00:00
8191,0.060839707049443394,2020-11-18 21:00:00+00:00
8192,0.06083547818507777,2020-11-19 21:00:00+00:00
8193,0.06062049504678187,2020-11-20 21:00:00+00:00
8194,0.060634293438990204,2020-11-23 21:00:00+00:00
8195,0.060671332606144365,2020-11-24 21:00:00+00:00
8196,0.06099039766589303,2020-11-25 21:00:00+00:00
8197,0.06177827171563986,2020-11-27 21:00:00+00:00
8198,0.06300601056156187,2020-11-30 21:00:00+00:00
8199,0.06324815278747312,2020-12-01 21:00:00+00:00
8200,0.06324151904080753,2020-12-02 21:00:00+00:00
8201,0.06350151813566211,2020-12-03 21:00:00+00:00
8202,0.06352511799781996,2020-12-04 21:00:00+00:00
8203,0.06356190587353217,2020-12-07 21:00:00+00:00
8204,0.06364754465692544,2020-12-08 21:00:00+00:00
8205,0.06390214466182118,2020-12-09 21:00:00+00:00
8206,0.0639099480047341,2020-12-10 21:00:00+00:00
8207,0.06388529142474018,2020-12-11 21:00:00+00:00
8208,0.06386257631255188,2020-12-14 21:00:00+00:00
8209,0.06397525160016779,2020-12-15 21:00:00+00:00
8210,0.06415587498354827,2020-12-16 21:00:00+00:00
8211,0.06418390993959681,2020-12-17 21:00:00+00:00
8212,0.0641442485508761,2020-12-18 21:00:00+00:00
8213,0.06413456414727485,2020-12-21 21:00:00+00:00
8214,0.06445776299433346,2020-12-22 21:00:00+00:00
8215,0.06447275721631368,2020-12-23 21:00:00+00:00
8216,0.06457189702197762,2020-12-24 21:00:00+00:00
8217,0.06485880067018422,2020-12-28 21:00:00+00:00
8218,0.06485329168744212,2020-12-29 21:00:00+00:00
8219,0.06489841854343666,2020-12-30 21:00:00+00:00
8220,0.06502251162109811,2020-12-31 21:00:00+00:00
8221,0.06511572417870941,2021-01-04 21:00:00+00:00
8222,0.06514655162439105,2021-01-05 21:00:00+00:00
8223,0.06519450339644887,2021-01-06 21:00:00+00:00
8224,0.06517398515059318,2021-01-07 21:00:00+00:00
8225,0.06518099328702744,2021-01-08 21:00:00+00:00
8226,0.0650653737141715,2021-01-11 21:00:00+00:00
8227,0.06513439689924225,2021-01-12 21:00:00+00:00
8228,0.0648799361099775,2021-01-13 21:00:00+00:00
8229,0.06491706542242381,2021-01-14 21:00:00+00:00
8230,0.06488661332779044,2021-01-15 21:00:00+00:00
8231,0.06494436134731314,2021-01-19 21:00:00+00:00
8232,0.06493989863039516,2021-01-20 21:00:00+00:00
8233,0.06495299684702038,2021-01-21 21:00:00+00:00
8234,0.0649615844867522,2021-01-22 21:00:00+00:00
8235,0.06455239234026335,2021-01-25 21:00:00+00:00
8236,0.06456863413208769,2021-01-26 21:00:00+00:00
8237,0.06420542875234678,2021-01-27 21:00:00+00:00
8238,0.0637439708429417,2021-01-28 21:00:00+00:00
8239,0.0639209208589427,2021-01-29 21:00:00+00:00
8240,0.0642487033837588,2021-02-01 21:00:00+00:00
8241,0.06424138665778502,2021-02-02 21:00:00+00:00
8242,0.06427746220839589,2021-02-03 21:00:00+00:00
8243,0.06428284094933263,2021-02-04 21:00:00+00:00
8244,0.06425842698297445,2021-02-05 21:00:00+00:00
8245,0.06431808856859482,2021-02-08 21:00:00+00:00
8246,0.06204205291019521,2021-02-09 21:00:00+00:00
8247,0.06044369066258377,2021-02-10 21:00:00+00:00
8248,0.06001411988629149,2021-02-11 21:00:00+00:00
8249,0.06000443091915342,2021-02-12 21:00:00+00:00
8250,0.05934506729266524,2021-02-16 21:00:00+00:00
8251,0.059160021663997135,2021-02-17 21:00:00+00:00
8252,0.05922680759345681,2021-02-18 21:00:00+00:00
8253,0.059239307266268804,2021-02-19 21:00:00+00:00
8254,0.05948701673830358,2021-02-22 21:00:00+00:00
8255,0.05839108848309502,2021-02-23 21:00:00+00:00
8256,0.05817791957655307,2021-02-24 21:00:00+00:00
8257,0.05810587927477819,2021-02-25 21:00:00+00:00
8258,0.05799609236091915,2021-02-26 21:00:00+00:00
8259,0.05789090574014621,2021-03-01 21:00:00+00:00
8260,0.05610475185553759,2021-03-02 21:00:00+00:00
8261,0.056474249479005055,2021-03-03 21:00:00+00:00
8262,0.056003652323962774,2021-03-04 21:00:00+00:00
8263,0.05553550616520059,2021-03-05 21:00:00+00:00
8264,0.055734355318576366,2021-03-08 21:00:00+00:00
8265,0.05567455250984101,2021-03-09 21:00:00+00:00
8266,0.05563560126465777,2021-03-10 21:00:00+00:00
8267,0.05577430958964629,2021-03-11 21:00:00+00:00
8268,0.055797419541347024,2021-03-12 21:00:00+00:00
8269,0.05568948859199146,2021-03-15 20:00:00+00:00
8270,0.055913606050730105,2021-03-16 20:00:00+00:00
8271,0.05603413544017521,2021-03-17 20:00:00+00:00
8272,0.056113026820050864,2021-03-18 20:00:00+00:00
8273,0.055656771897230145,2021-03-19 20:00:00+00:00
8274,0.05559244705096485,2021-03-22 20:00:00+00:00
8275,0.05576703601554618,2021-03-23 20:00:00+00:00
8276,0.055580507092009644,2021-03-24 20:00:00+00:00
8277,0.055580739981692114,2021-03-25 20:00:00+00:00
8278,0.05556025845917951,2021-03-26 20:00:00+00:00
8279,0.05578190999955961,2021-03-29 20:00:00+00:00
8280,0.05578214865441742,2021-03-30 20:00:00+00:00
8281,0.055970302412614206,2021-03-31 20:00:00+00:00
8282,0.05571336596353734,2021-04-01 20:00:00+00:00
8283,0.05491848687964697,2021-04-05 20:00:00+00:00
8284,0.05457517850251788,2021-04-06 20:00:00+00:00
8285,0.05448703762720033,2021-04-07 20:00:00+00:00
8286,0.05444954428877206,2021-04-08 20:00:00+00:00
8287,0.05429449933510944,2021-04-09 20:00:00+00:00
8288,0.05417319683930874,2021-04-12 20:00:00+00:00
8289,0.054237187151486906,2021-04-13 20:00:00+00:00
8290,0.05438334833752942,2021-04-14 20:00:00+00:00
8291,0.05433024282894773,2021-04-15 20:00:00+00:00
8292,0.0544669154429242,2021-04-16 20:00:00+00:00
8293,0.054550593986972686,2021-04-19 20:00:00+00:00
8294,0.05452047099205194,2021-04-20 20:00:00+00:00
8295,0.05470015090934666,2021-04-21 20:00:00+00:00
8296,0.054700545988673015,2021-04-22 20:00:00+00:00
8297,0.05448294938026774,2021-04-23 20:00:00+00:00
8298,0.054049708474313174,2021-04-26 20:00:00+00:00
8299,0.05349067441227343,2021-04-27 20:00:00+00:00
8300,0.05331821276156082,2021-04-28 20:00:00+00:00
8301,0.05327633448171228,2021-04-29 20:00:00+00:00
8302,0.053273455643146506,2021-04-30 20:00:00+00:00
8303,0.05329100960910535,2021-05-03 20:00:00+00:00
8304,0.05200422079604474,2021-05-04 20:00:00+00:00
8305,0.05170824958788204,2021-05-05 20:00:00+00:00
8306,0.051705912901164865,2021-05-06 20:00:00+00:00
8307,0.051369621438570844,2021-05-07 20:00:00+00:00
8308,0.05139006978645567,2021-05-10 20:00:00+00:00
8309,0.050228010175287004,2021-05-11 20:00:00+00:00
8310,0.04988690158828144,2021-05-12 20:00:00+00:00
8311,0.04976624333345158,2021-05-13 20:00:00+00:00
8312,0.049544959573470625,2021-05-14 20:00:00+00:00
8313,0.049548616996432725,2021-05-17 20:00:00+00:00
8314,0.04947838052252624,2021-05-18 20:00:00+00:00
8315,0.04948666911236042,2021-05-19 20:00:00+00:00
8316,0.04957058627164548,2021-05-20 20:00:00+00:00
8317,0.049530347213293725,2021-05-21 20:00:00+00:00
8318,0.0495314422113069,2021-05-24 20:00:00+00:00
8319,0.04954145483481358,2021-05-25 20:00:00+00:00
8320,0.049555472884120585,2021-05-26 20:00:00+00:00
8321,0.04956677848136451,2021-05-27 20:00:00+00:00
8322,0.049567937947600185,2021-05-28 20:00:00+00:00
8323,0.0493755991272319,2021-06-01 20:00:00+00:00
8324,0.049354538756384465,2021-06-02 20:00:00+00:00
8325,0.0493417920828553,2021-06-03 20:00:00+00:00
8326,0.04942861170452119,2021-06-04 20:00:00+00:00
8327,0.04956665449545814,2021-06-07 20:00:00+00:00
8328,0.04958277759810688,2021-06-08 20:00:00+00:00
8329,0.04954276761099488,2021-06-09 20:00:00+00:00
8330,0.049521697213444564,2021-06-10 20:00:00+00:00
8331,0.04941657178257835,2021-06-11 20:00:00+00:00
8332,0.0495470997904503,2021-06-14 20:00:00+00:00
8333,0.04959415624850239,2021-06-15 20:00:00+00:00
8334,0.049585839671897204,2021-06-16 20:00:00+00:00
8335,0.04950679862943841,2021-06-17 20:00:00+00:00
8336,0.04939986158790779,2021-06-18 20:00:00+00:00
8337,0.04946347214974698,2021-06-21 20:00:00+00:00
8338,0.04956832769417321,2021-06-22 20:00:00+00:00
8339,0.04966673657123212,2021-06-23 20:00:00+00:00
8340,0.049610594958076265,2021-06-24 20:00:00+00:00
8341,0.04953715641687335,2021-06-25 20:00:00+00:00
8342,0.04870784773596286,2021-06-28 20:00:00+00:00
8343,0.048730586132364966,2021-06-29 20:00:00+00:00
8344,0.04856032327168305,2021-06-30 20:00:00+00:00
8345,0.04855272150440302,2021-07-01 20:00:00+00:00
8346,0.047529084133354195,2021-07-02 20:00:00+00:00
8347,0.046749347159962415,2021-07-06 20:00:00+00:00
8348,0.04684715619518729,2021-07-07 20:00:00+00:00
8349,0.04690658851480387,2021-07-08 20:00:00+00:00
8350,0.04645992680805352,2021-07-09 20:00:00+00:00
8351,0.04643032674851171,2021-07-12 20:00:00+00:00
8352,0.04612469276126884,2021-07-13 20:00:00+00:00
8353,0.046200180042768525,2021-07-14 20:00:00+00:00
8354,0.04625855253696649,2021-07-15 20:00:00+00:00
8355,0.04663741406673372,2021-07-16 20:00:00+00:00
8356,0.046860412729225566,2021-07-19 20:00:00+00:00
8357,0.04680086671316894,2021-07-20 20:00:00+00:00
8358,0.04686481437818381,2021-07-21 20:00:00+00:00
8359,0.046790686355936806,2021-07-22 20:00:00+00:00
8360,0.04696234958772429,2021-07-23 20:00:00+00:00
8361,0.04704975218028194,2021-07-26 20:00:00+00:00
8362,0.04703183455258117,2021-07-27 20:00:00+00:00
8363,0.04705964701427988,2021-07-28 20:00:00+00:00
8364,0.0470744226746991,2021-07-29 20:00:00+00:00
8365,0.047039048070118585,2021-07-30 20:00:00+00:00
8366,0.047066741019595335,2021-08-02 20:00:00+00:00
8367,0.04756987174068266,2021-08-03 20:00:00+00:00
8368,0.04772091205780542,2021-08-04 20:00:00+00:00
8369,0.047729672379528174,2021-08-05 20:00:00+00:00
8370,0.04773343157129907,2021-08-06 20:00:00+00:00
8371,0.04882484873579481,2021-08-09 20:00:00+00:00
8372,0.048966575597589296,2021-08-10 20:00:00+00:00
8373,0.05010454789601084,2021-08-11 20:00:00+00:00
8374,0.04997810046382517,2021-08-12 20:00:00+00:00
8375,0.049906312228655623,2021-08-13 20:00:00+00:00
8376,0.049995930537789966,2021-08-16 20:00:00+00:00
8377,0.050086436474262155,2021-08-17 20:00:00+00:00
8378,0.05005244989099615,2021-08-18 20:00:00+00:00
8379,0.05023101304334036,2021-08-19 20:00:00+00:00
8380,0.05023439625660943,2021-08-20 20:00:00+00:00
8381,0.05034004899945192,2021-08-23 20:00:00+00:00
8382,0.049617899118753424,2021-08-24 20:00:00+00:00
8383,0.04955841205554157,2021-08-25 20:00:00+00:00
8384,0.049558599324420693,2021-08-26 20:00:00+00:00
8385,0.04966178184252438,2021-08-27 20:00:00+00:00
8386,0.04955239583919247,2021-08-30 20:00:00+00:00
8387,0.04948107845612729,2021-08-31 20:00:00+00:00
8388,0.04949281979650141,2021-09-01 20:00:00+00:00
8389,0.04947743204779632,2021-09-02 20:00:00+00:00
8390,0.049524422779482734,2021-09-03 20:00:00+00:00
8391,0.04957382407414324,2021-09-07 20:00:00+00:00
8392,0.049628252096325466,2021-09-08 20:00:00+00:00
8393,0.04978589061606933,2021-09-09 20:00:00+00:00
8394,0.0497461518157444,2021-09-10 20:00:00+00:00
8395,0.04984470245058779,2021-09-13 20:00:00+00:00
8396,0.049847202930491157,2021-09-14 20:00:00+00:00
8397,0.049845789790803924,2021-09-15 20:00:00+00:00
8398,0.049845764844545955,2021-09-16 20:00:00+00:00
8399,0.0498756693650731,2021-09-17 20:00:00+00:00
8400,0.049871894817989953,2021-09-20 20:00:00+00:00
8401,0.04982661371087854,2021-09-21 20:00:00+00:00
8402,0.04980943252406693,2021-09-22 20:00:00+00:00
8403,0.049826767094138316,2021-09-23 20:00:00+00:00
8404,0.04998920291713892,2021-09-24 20:00:00+00:00
8405,0.050126279852912126,2021-09-27 20:00:00+00:00
8406,0.050297027210287414,2021-09-28 20:00:00+00:00
8407,0.05027505094886676,2021-09-29 20:00:00+00:00
8408,0.050240578542774784,2021-09-30 20:00:00+00:00
8409,0.05082887991184547,2021-10-01 20:00:00+00:00
8410,0.05090522339655874,2021-10-04 20:00:00+00:00
8411,0.050817425425752676,2021-10-05 20:00:00+00:00
8412,0.05119883151791092,2021-10-06 20:00:00+00:00
8413,0.05111268462963442,2021-10-07 20:00:00+00:00
8414,0.051098601575523345,2021-10-08 20:00:00+00:00
8415,0.05109485872960222,2021-10-11 20:00:00+00:00
8416,0.05109567940779162,2021-10-12 20:00:00+00:00
8417,0.05112266732598129,2021-10-13 20:00:00+00:00
8418,0.05090259699381762,2021-10-14 20:00:00+00:00
8419,0.05070248811900564,2021-10-15 20:00:00+00:00
8420,0.05057491994751242,2021-10-18 20:00:00+00:00
8421,0.05057322785031517,2021-10-19 20:00:00+00:00
8422,0.05055805109143307,2021-10-20 20:00:00+00:00
8423,0.050563549757746115,2021-10-21 20:00:00+00:00
8424,0.05063971808413728,2021-10-22 20:00:00+00:00
8425,0.05079973056193762,2021-10-25 20:00:00+00:00
8426,0.050638861091447294,2021-10-26 20:00:00+00:00
8427,0.050622894941855824,2021-10-27 20:00:00+00:00
8428,0.05038865323010652,2021-10-28 20:00:00+00:00
8429,0.05025871195876879,2021-10-29 20:00:00+00:00
8430,0.050291003960733084,2021-11-01 20:00:00+00:00
8431,0.049993270859039665,2021-11-02 20:00:00+00:00
8432,0.049873514341004496,2021-11-03 20:00:00+00:00
8433,0.05117237370105259,2021-11-04 20:00:00+00:00
8434,0.05229085855131708,2021-11-05 20:00:00+00:00
8435,0.052232749672783275,2021-11-08 21:00:00+00:00
8436,0.05225141506822925,2021-11-09 21:00:00+00:00
8437,0.05227516453477972,2021-11-10 21:00:00+00:00
8438,0.05186455161866448,2021-11-11 21:00:00+00:00
8439,0.0508534414208194,2021-11-12 21:00:00+00:00
8440,0.04921875270723071,2021-11-15 21:00:00+00:00
8441,0.04895036271263456,2021-11-16 21:00:00+00:00
8442,0.04898509052254236,2021-11-17 21:00:00+00:00
8443,0.048640613101714206,2021-11-18 21:00:00+00:00
8444,0.04868279323753999,2021-11-19 21:00:00+00:00
8445,0.04880416690135529,2021-11-22 21:00:00+00:00
8446,0.04867164819399391,2021-11-23 21:00:00+00:00
8447,0.0483965043748903,2021-11-24 21:00:00+00:00
8448,0.050107843566199496,2021-11-26 21:00:00+00:00
8449,0.050636691451105637,2021-11-29 21:00:00+00:00
8450,0.05072124149112441,2021-11-30 21:00:00+00:00
8451,0.05121524266742493,2021-12-01 21:00:00+00:00
8452,0.05104132073751469,2021-12-02 21:00:00+00:00
8453,0.050960575716021424,2021-12-03 21:00:00+00:00
8454,0.05170578878439713,2021-12-06 21:00:00+00:00
8455,0.05183725306559727,2021-12-07 21:00:00+00:00
8456,0.05148016232705627,2021-12-08 21:00:00+00:00
8457,0.05151974658852314,2021-12-09 21:00:00+00:00
8458,0.05153080742384468,2021-12-10 21:00:00+00:00
8459,0.051226968543325764,2021-12-13 21:00:00+00:00
8460,0.05121559105398208,2021-12-14 21:00:00+00:00
8461,0.05118161181567394,2021-12-15 21:00:00+00:00
8462,0.05101271120096935,2021-12-16 21:00:00+00:00
8463,0.05091026395922879,2021-12-17 21:00:00+00:00
8464,0.05106481512297387,2021-12-20 21:00:00+00:00
8465,0.0509680983723264,2021-12-21 21:00:00+00:00
8466,0.051142968416762635,2021-12-22 21:00:00+00:00
8467,0.05112187852439867,2021-12-23 21:00:00+00:00
8468,0.051082344051698696,2021-12-27 21:00:00+00:00
8469,0.050973786226339975,2021-12-28 21:00:00+00:00
8470,0.050991890086136714,2021-12-29 21:00:00+00:00
8471,0.05092654308119241,2021-12-30 21:00:00+00:00
8472,0.05092686930438257,2021-12-31 21:00:00+00:00
8473,0.0511132887347089,2022-01-03 21:00:00+00:00
8474,0.051119163892754886,2022-01-04 21:00:00+00:00
8475,0.05123785468728235,2022-01-05 21:00:00+00:00
8476,0.051224622965624494,2022-01-06 21:00:00+00:00
8477,0.0506564636983033,2022-01-07 21:00:00+00:00
8478,0.05094769100244879,2022-01-10 21:00:00+00:00
8479,0.051053572509455705,2022-01-11 21:00:00+00:00
8480,0.051034912828826544,2022-01-12 21:00:00+00:00
8481,0.050899018865648654,2022-01-13 21:00:00+00:00
8482,0.05057932930304814,2022-01-14 21:00:00+00:00
8483,0.05091452146138851,2022-01-18 21:00:00+00:00
8484,0.05102854040972799,2022-01-19 21:00:00+00:00
8485,0.05101302507768859,2022-01-20 21:00:00+00:00
8486,0.05108695505838476,2022-01-21 21:00:00+00:00
8487,0.05097944099496424,2022-01-24 21:00:00+00:00
8488,0.0509673797546894,2022-01-25 21:00:00+00:00
8489,0.050976673564937916,2022-01-26 21:00:00+00:00
8490,0.05102644157146889,2022-01-27 21:00:00+00:00
8491,0.05123921759945187,2022-01-28 21:00:00+00:00
8492,0.051354640494734524,2022-01-31 21:00:00+00:00
8493,0.05136422715078469,2022-02-01 21:00:00+00:00
8494,0.05130830867547171,2022-02-02 21:00:00+00:00
8495,0.05132187792231527,2022-02-03 21:00:00+00:00
8496,0.051001300878164076,2022-02-04 21:00:00+00:00
8497,0.050872145240903714,2022-02-07 21:00:00+00:00
8498,0.0508976648500395,2022-02-08 21:00:00+00:00
8499,0.05106564581755382,2022-02-09 21:00:00+00:00
8500,0.05101741641194213,2022-02-10 21:00:00+00:00
8501,0.05100860281604035,2022-02-11 21:00:00+00:00
8502,0.051383687823241396,2022-02-14 21:00:00+00:00
8503,0.05105536911680125,2022-02-15 21:00:00+00:00
8504,0.05105402353223729,2022-02-16 21:00:00+00:00
8505,0.0511114678728432,2022-02-17 21:00:00+00:00
8506,0.05092592956113466,2022-02-18 21:00:00+00:00
8507,0.050790369725239634,2022-02-22 21:00:00+00:00
8508,0.050960246831612224,2022-02-23 21:00:00+00:00
8509,0.05159799414421776,2022-02-24 21:00:00+00:00
8510,0.051613796719360214,2022-02-25 21:00:00+00:00
8511,0.051532009766408024,2022-02-28 21:00:00+00:00
8512,0.05127416533149388,2022-03-01 21:00:00+00:00
8513,0.05115548177671085,2022-03-02 21:00:00+00:00
8514,0.051161127330286,2022-03-03 21:00:00+00:00
8515,0.051207465765661604,2022-03-04 21:00:00+00:00
8516,0.05142419540893607,2022-03-07 21:00:00+00:00
8517,0.051280920879431216,2022-03-08 21:00:00+00:00
8518,0.05163444169651221,2022-03-09 21:00:00+00:00
8519,0.0516493613589241,2022-03-10 21:00:00+00:00
8520,0.05165404545440322,2022-03-11 21:00:00+00:00
8521,0.05170724248237999,2022-03-14 20:00:00+00:00
8522,0.0516452075520477,2022-03-15 20:00:00+00:00
8523,0.05201852468097915,2022-03-16 20:00:00+00:00
8524,0.05201779346083341,2022-03-17 20:00:00+00:00
8525,0.05214554816536778,2022-03-18 20:00:00+00:00
8526,0.05214010542457531,2022-03-21 20:00:00+00:00
8527,0.0522799438149336,2022-03-22 20:00:00+00:00
8528,0.05235225009314764,2022-03-23 20:00:00+00:00
8529,0.05225291605912761,2022-03-24 20:00:00+00:00
8530,0.0524922382448609,2022-03-25 20:00:00+00:00
8531,0.05235439954595154,2022-03-28 20:00:00+00:00
8532,0.052245415111009746,2022-03-29 20:00:00+00:00
8533,0.05228954922788801,2022-03-30 20:00:00+00:00
8534,0.05212301839985236,2022-03-31 20:00:00+00:00
8535,0.05203050970437514,2022-04-01 20:00:00+00:00
8536,0.052010246053875345,2022-04-04 20:00:00+00:00
8537,0.05191143623716037,2022-04-05 20:00:00+00:00
8538,0.051995899936942945,2022-04-06 20:00:00+00:00
8539,0.05198509740318688,2022-04-07 20:00:00+00:00
8540,0.051970338871641125,2022-04-08 20:00:00+00:00
8541,0.05193143352533178,2022-04-11 20:00:00+00:00
8542,0.05190375064341438,2022-04-12 20:00:00+00:00
8543,0.052047707415927146,2022-04-13 20:00:00+00:00
8544,0.05206275581026863,2022-04-14 20:00:00+00:00
8545,0.052172682634018634,2022-04-18 20:00:00+00:00
8546,0.05199866479959572,2022-04-19 20:00:00+00:00
8547,0.05185375446099647,2022-04-20 20:00:00+00:00
8548,0.051903306108502995,2022-04-21 20:00:00+00:00
8549,0.051928478722664165,2022-04-22 20:00:00+00:00
8550,0.05209475712362303,2022-04-25 20:00:00+00:00
8551,0.05213484714411045,2022-04-26 20:00:00+00:00
8552,0.05209192142434828,2022-04-27 20:00:00+00:00
8553,0.052076772468970696,2022-04-28 20:00:00+00:00
8554,0.05197992874202092,2022-04-29 20:00:00+00:00
8555,0.05210475000040382,2022-05-02 20:00:00+00:00
